User Input,Chatbot Response,Timestamp
hello,Hi there,2024-09-10 01:21:51
how are you ,My purpose is to assist you,2024-09-10 01:21:57
weather ,"I'm sorry, I cannot provide real-time weather information.",2024-09-10 01:22:20
How do I create a budget,"To make a budget, start by tracking your income and expenses. Then, allocate your income towards essential expenses like rent, food, and bills. Next, allocate some of your income towards savings and debt repayment. Finally, allocate the remainder of your income towards discretionary expenses like entertainment and hobbies.",2024-09-10 01:22:30
Today is a nice weather,"I'm sorry, I cannot provide real-time weather information.",2024-10-03 08:29:52
How's the weather today,"I'm sorry, I cannot provide real-time weather information.",2024-10-03 08:30:47
Hi,Hello,2024-10-03 08:30:56
hi,Hi there,2025-11-21 16:35:07
whats the time right now,"Gardening tips include choosing the right plants for your climate, watering properly, and using organic fertilizers.",2025-11-21 16:35:22
whats the time ,"Gardening tips include choosing the right plants for your climate, watering properly, and using organic fertilizers.",2025-11-21 16:35:35
How to improve myself,"Embrace challenges as opportunities for growth, and focus on becoming the best version of yourself.",2025-11-21 16:37:31
